<?xml version="1.0" encoding="UTF-8"?>
<project-private xmlns="http://www.netbeans.org/ns/project-private/1">
    <editor-bookmarks xmlns="http://www.netbeans.org/ns/editor-bookmarks/2" lastBookmarkId="0"/>
    <open-files xmlns="http://www.netbeans.org/ns/projectui-open-files/2">
        <group>
            <file>file:/D:/Users/Kyle/Documents/MPLABX/project0.X/led.c</file>
            <file>file:/D:/Users/Kyle/Documents/MPLABX/project0.X/timer.h</file>
            <file>file:/D:/Users/Kyle/Documents/MPLABX/project0.X/interrupt.c</file>
            <file>file:/D:/Users/Kyle/Documents/MPLABX/project0.X/interrupt.h</file>
            <file>file:/D:/Users/Kyle/Documents/MPLABX/project0.X/main.c</file>
            <file>file:/D:/Users/Kyle/Documents/MPLABX/project0.X/led.h</file>
            <file>file:/D:/Users/Kyle/Documents/MPLABX/project0.X/timer.c</file>
            <file>file:/D:/Users/Kyle/Documents/MPLABX/project0.X/config.h</file>
        </group>
    </open-files>
</project-private>
