<?xml version="1.0" encoding="UTF-8"?>
<project-private xmlns="http://www.netbeans.org/ns/project-private/1">
    <editor-bookmarks xmlns="http://www.netbeans.org/ns/editor-bookmarks/2" lastBookmarkId="0"/>
    <open-files xmlns="http://www.netbeans.org/ns/projectui-open-files/2">
        <group>
            <file>file:/D:/Users/Kyle/Documents/GitHub/ECE372/Project2/Part1/lock.h</file>
            <file>file:/D:/Users/Kyle/Documents/GitHub/ECE372/Project2/Part1/LCD.c</file>
            <file>file:/D:/Users/Kyle/Documents/GitHub/ECE372/Project2/Part1/led.h</file>
            <file>file:/D:/Users/Kyle/Documents/GitHub/ECE372/Project2/Part1/timer.h</file>
            <file>file:/D:/Users/Kyle/Documents/GitHub/ECE372/Project2/Part1/keypad.h</file>
            <file>file:/D:/Users/Kyle/Documents/GitHub/ECE372/Project2/Part1/keypad.c</file>
            <file>file:/D:/Users/Kyle/Documents/GitHub/ECE372/Project2/Part1/main.c</file>
            <file>file:/D:/Users/Kyle/Documents/GitHub/ECE372/Project2/Part1/global_defines.h</file>
            <file>file:/D:/Users/Kyle/Documents/GitHub/ECE372/Project2/Part1/LCD.h</file>
            <file>file:/D:/Users/Kyle/Documents/GitHub/ECE372/Project2/Part1/lock.c</file>
            <file>file:/D:/Users/Kyle/Documents/GitHub/ECE372/Project2/Part1/led.c</file>
            <file>file:/D:/Users/Kyle/Documents/GitHub/ECE372/Project2/Part1/timer.c</file>
        </group>
    </open-files>
</project-private>
