<?xml version="1.0" encoding="UTF-8"?>
<project-private xmlns="http://www.netbeans.org/ns/project-private/1">
    <editor-bookmarks xmlns="http://www.netbeans.org/ns/editor-bookmarks/2" lastBookmarkId="0"/>
    <open-files xmlns="http://www.netbeans.org/ns/projectui-open-files/2">
        <group>
            <file>file:/D:/Users/Kyle/Documents/GitHub/ECE372/Project1/Part3/LCD.h</file>
            <file>file:/D:/Users/Kyle/Documents/GitHub/ECE372/Project1/Part3/led.c</file>
            <file>file:/D:/Users/Kyle/Documents/GitHub/ECE372/Project1/Part3/LCD.c</file>
            <file>file:/D:/Users/Kyle/Documents/GitHub/ECE372/Project1/Part3/timer.h</file>
            <file>file:/D:/Users/Kyle/Documents/GitHub/ECE372/Project1/Part3/led.h</file>
            <file>file:/D:/Users/Kyle/Documents/GitHub/ECE372/Project1/Part3/button.h</file>
            <file>file:/D:/Users/Kyle/Documents/GitHub/ECE372/Project1/Part3/button.c</file>
            <file>file:/D:/Users/Kyle/Documents/GitHub/ECE372/Project1/Part3/timer.c</file>
            <file>file:/D:/Users/Kyle/Documents/GitHub/ECE372/Project1/Part3/main.c</file>
        </group>
    </open-files>
</project-private>
